{
  "BOOST_CREATE": 1.49025,
  "BOOST_BLOCK": 1.2915500000000002,
  "BOOST_OPEN3_ROOT": 1.07298,
  "BOOST_OPEN3_ROOT_BLOCK": 1.0431750000000002,
  "BOOST_FOUR_ROOT": 1.142525,
  "BOOST_FOUR_ROOT_BLOCK": 1.09285,
  "BOOST_CONN3_ROOT": 1.0431750000000002,
  "BOOST_CONN3_ROOT_BLOCK": 1.0233050000000001,
  "BOOST_LINK_ROOT": 1.0233050000000001,
  "BOOST_CREATE_CHILD": 1.2915500000000002,
  "BOOST_BLOCK_CHILD": 1.1922,
  "BOOST_OPEN3_CHILD": 1.09285,
  "BOOST_OPEN3_BLOCK_CHILD": 1.0431750000000002,
  "BOOST_CONN3_CHILD": 1.0431750000000002,
  "BOOST_CONN3_BLOCK_CHILD": 1.01337,
  "BOOST_LINK_CHILD": 1.01337,
  "CHILD_TT_PRIOR_MIX": 0.3283333333333333
}